{
  "success": true,
  "data": {
    "0": {
      "24h": 0.001741432166666667,
      "7d": 0.0010663163113772457,
      "30d": 0.000765848648611112,
      "1y": 0.00012730358984910874
    },
    "1": {
      "24h": 0.0023861944399999994,
      "7d": 0.002327455656804733,
      "30d": 0.0015549699195561723,
      "1y": 0.0009295623171846439
    },
    "2": {
      "24h": 0.002575223583333333,
      "7d": 0.003240547622754491,
      "30d": 0.0019582112378303176,
      "1y": 0.001079313614540465
    },
    "3": {
      "24h": 0.0017893551666666669,
      "7d": 0.0023496600000000012,
      "30d": 0.0017351749346314325,
      "1y": 0.000026110175286041865
    },
    "4": {
      "24h": 0.002360066083333333,
      "7d": 0.006143908505952379,
      "30d": 0.004930527766342147,
      "1y": 0.003019735180778031
    },
    "5": {
      "24h": 0.012793459833333333,
      "7d": 0.010986061297619056,
      "30d": 0.0022748500570236472,
      "1y": 0.0008467111195054961
    },
    "6": {
      "24h": 0.004802694583333334,
      "7d": 0.005835377559523809,
      "30d": 0.005741901315716275,
      "1y": 0.003022716369505498
    },
    "7": {
      "24h": 0.004647336125,
      "7d": 0.004544071565476188,
      "30d": 0.004095182401947142,
      "1y": 0.0022845937344322326
    },
    "8": {
      "24h": -0.0029853816956521735,
      "7d": 0.0008067682023809532,
      "30d": 0.0010476841210013896,
      "1y": 0.00053685161584249
    },
    "9": {
      "24h": 0.0014168061666666664,
      "7d": 0.0025196448809523824,
      "30d": 0.00337319798331015,
      "1y": 0.0018095495025171604
    },
    "10": {
      "24h": 0.0031046932916666665,
      "7d": 0.0028480688095238087,
      "30d": 0.004155554518776078,
      "1y": 0.002585131341418769
    },
    "11": {
      "24h": 0.0034850937916666666,
      "7d": 0.004104806916666669,
      "30d": 0.002612767271210016,
      "1y": 0.00066519272631579
    },
    "12": {
      "24h": 0.0012695173333333333,
      "7d": 0.0013585777202380965,
      "30d": 0.0012195247566063993,
      "1y": 0.00026193994922232405
    },
    "13": {
      "24h": 0.002657917666666667,
      "7d": 0.002479049131736528,
      "30d": 0.0015049757802503463,
      "1y": 0.0011108292383348595
    },
    "14": {
      "24h": 0.011398813958333332,
      "7d": 0.009988616754491022,
      "30d": 0.00672613800973574,
      "1y": 0.0043200423002288406
    },
    "15": {
      "24h": 0.006955365583333335,
      "7d": 0.005495784491017965,
      "30d": 0.0033986546662030624,
      "1y": 0.0021681045896614864
    },
    "16": {
      "24h": 0.003507702583333333,
      "7d": 0.0037354458742514976,
      "30d": 0.002551947655076495,
      "1y": 0.001521133883348584
    },
    "17": {
      "24h": 0.000972398541666667,
      "7d": 0.00047659032335329313,
      "30d": 0.01218142272600834,
      "1y": 0.0064904378718535355
    },
    "18": {
      "24h": 0.001631684625,
      "7d": 0.0022706585089820363,
      "30d": 0.0010394922809457586,
      "1y": 0.0005102528774016484
    },
    "19": {
      "24h": 0.0030689093333333335,
      "7d": 0.0017446182874251486,
      "30d": 0.001661636522948538,
      "1y": 0.0010638855592677355
    },
    "20": {
      "24h": 0.004574074119999999,
      "7d": 0.005228524171597633,
      "30d": 0.003979839015277776,
      "1y": 0.0018447730841720047
    },
    "21": {
      "24h": -0.00008241956000000005,
      "7d": 0.0010451430710059172,
      "30d": 0.0024668640374999992,
      "1y": 0.0005779784940530646
    },
    "22": {
      "24h": 0.0055171545199999995,
      "7d": 0.004364396899408283,
      "30d": 0.0023837625222222214,
      "1y": 0.0009811684887871812
    },
    "23": {
      "24h": 0.0022006199599999996,
      "7d": 0.0023941351005917154,
      "30d": 0.003495295218055554,
      "1y": -0.00046247420702403544
    },
    "24": {
      "24h": 0.002449168166666667,
      "7d": 0.003093203470238096,
      "30d": 0.0025528326388888894,
      "1y": 0.0011737563087831637
    },
    "25": {
      "24h": -0.00027368174999999994,
      "7d": 0.0015490126666666674,
      "30d": 0.0010294641069444456,
      "1y": -0.002766955630663613
    },
    "26": {
      "24h": 0.002135983208333334,
      "7d": -0.001368525244047619,
      "30d": 0.002260566045897078,
      "1y": 0.0005341053098398165
    },
    "27": {
      "24h": 0.0032929870000000007,
      "7d": 0.0028646085119047628,
      "30d": 0.0034161954867872025,
      "1y": 0.00224235177310156
    },
    "28": {
      "24h": 0.01215951595833333,
      "7d": 0.008716701255952381,
      "30d": 0.007673807146036174,
      "1y": 0.005495972746220807
    },
    "29": {
      "24h": 0.005455039125000001,
      "7d": 0.0052921845059523825,
      "30d": 0.0041261413407510435,
      "1y": 0.0036012917793040266
    },
    "30": {
      "24h": 0.007440926708333333,
      "7d": 0.006375044303571429,
      "30d": 0.0033177899610570224,
      "1y": 0.0015112103473684192
    },
    "31": {
      "24h": 0.003837959416666666,
      "7d": 0.0028888050535714276,
      "30d": 0.01294676299157304,
      "1y": 0.010497280416046311
    },
    "32": {
      "24h": 0.012740128875,
      "7d": 0.011400455565476189,
      "30d": 0.003456125119777164,
      "1y": 0.0026064585819597086
    },
    "33": {
      "24h": 0.017969155499999997,
      "7d": 0.022068641535714285,
      "30d": 0.018631938637883,
      "1y": 0.010345243447344287
    },
    "34": {
      "24h": 0.005209612999999999,
      "7d": 0.004761144970238094,
      "30d": 0.00377744278830084,
      "1y": 0.0019076639734553786
    },
    "35": {
      "24h": 0.00032482216666666674,
      "7d": 0.00042152816666666664,
      "30d": 0.006549141926183847,
      "1y": 0.006250736786172166
    },
    "42": {
      "24h": 0.006753344583333334,
      "7d": 0.00517838238095238,
      "30d": 0.002757157896935933,
      "1y": 0.0012740136510989025
    },
    "44": {
      "24h": 0.015891984041666665,
      "7d": 0.022487979648809532,
      "30d": 0.014704622626740936,
      "1y": 0.012625970053571434
    },
    "45": {
      "24h": 0.004506029124999999,
      "7d": 0.006380653625,
      "30d": 0.00321163320445063,
      "1y": 0.00038647370146520203
    },
    "47": {
      "24h": -0.004745073333333334,
      "7d": -0.003470334005952384,
      "30d": -0.0006909865048678725,
      "1y": 0.005846378588827834
    },
    "51": {
      "24h": 0.0031779232916666674,
      "7d": -0.018065507345238093,
      "30d": -0.01016215403212291,
      "1y": -0.0028225778748280626
    },
    "52": {
      "24h": 0.015650402625000004,
      "7d": 0.018626837184523817,
      "30d": 0.01907278735326843,
      "1y": 0.01168338012042123
    },
    "53": {
      "24h": 0.00217345775,
      "7d": 0.0057686855,
      "30d": 0.001225345549374132,
      "1y": -0.002137919417582419
    },
    "54": {
      "24h": -0.00015011620833333336,
      "7d": 0.0023671141785714276,
      "30d": 0.011584644198887344,
      "1y": 0.0077319781276303685
    },
    "55": {
      "24h": 0.002771791583333334,
      "7d": 0.0028295361130952386,
      "30d": 0.0017061117663421403,
      "1y": -0.00005677243543956024
    },
    "56": {
      "24h": 0.007809698208333333,
      "7d": 0.007056911601190473,
      "30d": 0.005091461086230871,
      "1y": 0.0024565452426739843
    },
    "59": {
      "24h": 0.005592896541666666,
      "7d": 0.004209140297619047,
      "30d": 0.003760479275000006,
      "1y": 0.0023244831697163773
    },
    "60": {
      "24h": 0.0023088491249999995,
      "7d": 0.0018605803809523802,
      "30d": 0.0022493874951321283,
      "1y": 0.0016582841620137291
    },
    "61": {
      "24h": 0.009450633166666665,
      "7d": 0.007926680267857146,
      "30d": 0.004476668038942977,
      "1y": 0.0019680913891941404
    },
    "62": {
      "24h": 0.0054874330416666665,
      "7d": -0.00023432940476190498,
      "30d": 0.002726086622562673,
      "1y": 0.0017511808021071933
    },
    "63": {
      "24h": 0.003665037416666666,
      "7d": 0.003444093077380952,